{
    "duration (s)": 77.59456372261047,
    "energy (kWh)": 0.01955113568193144,
    "co2eq (g)": 5.865340704579432,
    "car_emission": [
        [
            0.04871545435697203,
            "km travelled by car"
        ]
    ]
}