{
    "duration (s)": 43.19404101371765,
    "energy (kWh)": 0.006328479659903028,
    "co2eq (g)": 1.8985438979709084,
    "car_emission": [
        [
            0.01576863702633645,
            "km travelled by car"
        ]
    ]
}