{
    "duration (s)": 388.2915208339691,
    "energy (kWh)": 0.10728155573929928,
    "co2eq (g)": 32.18446672178978,
    "car_emission": [
        [
            0.2673128465264932,
            "km travelled by car"
        ]
    ]
}