{
    "duration (s)": 76.42855310440063,
    "energy (kWh)": 0.013102284496681493,
    "co2eq (g)": 3.930685349004448,
    "car_emission": [
        [
            0.03264688828076784,
            "km travelled by car"
        ]
    ]
}