{
    "duration (s)": 315.1868975162506,
    "energy (kWh)": 0.10007895698167966,
    "co2eq (g)": 30.0236870945039,
    "car_emission": [
        [
            0.24936617188126162,
            "km travelled by car"
        ]
    ]
}