{
    "duration (s)": 128.60351991653442,
    "energy (kWh)": 0.006364431837904416,
    "co2eq (g)": 1.9093295513713249,
    "car_emission": [
        [
            0.015858218865210338,
            "km travelled by car"
        ]
    ]
}