{
    "duration (s)": 642.7654440402985,
    "energy (kWh)": 0.043320054828570945,
    "co2eq (g)": 12.996016448571284,
    "car_emission": [
        [
            0.10794033595158874,
            "km travelled by car"
        ]
    ]
}