{
    "duration (s)": 604.3935997486115,
    "energy (kWh)": 0.041102547208027446,
    "co2eq (g)": 12.330764162408233,
    "car_emission": [
        [
            0.1024149847376099,
            "km travelled by car"
        ]
    ]
}