{
    "duration (s)": 74.99832201004028,
    "energy (kWh)": 0.0035550232950790225,
    "co2eq (g)": 1.0665069885237068,
    "car_emission": [
        [
            0.008858031466143744,
            "km travelled by car"
        ]
    ]
}