{
    "duration (s)": 29.7307345867157,
    "energy (kWh)": 0.0013471431523133484,
    "co2eq (g)": 0.40414294569400455,
    "car_emission": [
        [
            0.003356668984169473,
            "km travelled by car"
        ]
    ]
}