{
    "duration (s)": 17.996740579605103,
    "energy (kWh)": 0.0004703706437034408,
    "co2eq (g)": 0.14111119311103223,
    "car_emission": [
        [
            0.001172019876337477,
            "km travelled by car"
        ]
    ]
}