{
    "duration (s)": 29.376020193099976,
    "energy (kWh)": 0.0012755987328475981,
    "co2eq (g)": 0.38267961985427945,
    "car_emission": [
        [
            0.0031784021582581348,
            "km travelled by car"
        ]
    ]
}