{
    "duration (s)": 124.38274812698364,
    "energy (kWh)": 0.008580808025698624,
    "co2eq (g)": 2.5742424077095873,
    "car_emission": [
        [
            0.0213807508945979,
            "km travelled by car"
        ]
    ]
}