{
    "duration (s)": 135.80018663406372,
    "energy (kWh)": 0.009385153971946919,
    "co2eq (g)": 2.8155461915840756,
    "car_emission": [
        [
            0.02338493514604714,
            "km travelled by car"
        ]
    ]
}