{
    "duration (s)": 22.570823431015015,
    "energy (kWh)": 0.0014155204684525584,
    "co2eq (g)": 0.4246561405357675,
    "car_emission": [
        [
            0.0035270443566093644,
            "km travelled by car"
        ]
    ]
}