{
    "duration (s)": 49.18876075744629,
    "energy (kWh)": 0.0013198276834994233,
    "co2eq (g)": 0.395948305049827,
    "car_emission": [
        [
            0.0032886071847992274,
            "km travelled by car"
        ]
    ]
}