{
    "duration (s)": 20.41750431060791,
    "energy (kWh)": 0.0006025758751354278,
    "co2eq (g)": 0.18077276254062835,
    "car_emission": [
        [
            0.0015014349048224945,
            "km travelled by car"
        ]
    ]
}