{
    "duration (s)": 291.79549074172974,
    "energy (kWh)": 0.006761455827386186,
    "co2eq (g)": 2.0284367482158556,
    "car_emission": [
        [
            0.016847481297473883,
            "km travelled by car"
        ]
    ]
}