{
    "duration (s)": 50.04623985290527,
    "energy (kWh)": 0.0011634580278782106,
    "co2eq (g)": 0.3490374083634632,
    "car_emission": [
        [
            0.0028989817970387307,
            "km travelled by car"
        ]
    ]
}