{
    "duration (s)": 345.3794615268707,
    "energy (kWh)": 0.007929093170581507,
    "co2eq (g)": 2.378727951174452,
    "car_emission": [
        [
            0.019756876670884153,
            "km travelled by car"
        ]
    ]
}