{
    "duration (s)": 50.68731093406677,
    "energy (kWh)": 0.004706199852804874,
    "co2eq (g)": 1.4118599558414622,
    "car_emission": [
        [
            0.011726411593367625,
            "km travelled by car"
        ]
    ]
}