{
    "duration (s)": 291.34607315063477,
    "energy (kWh)": 0.029152137509933174,
    "co2eq (g)": 8.745641252979953,
    "car_emission": [
        [
            0.07263821638687668,
            "km travelled by car"
        ]
    ]
}