{
    "duration (s)": 19.742453575134277,
    "energy (kWh)": 0.0013363593211248624,
    "co2eq (g)": 0.4009077963374587,
    "car_emission": [
        [
            0.003329798972902481,
            "km travelled by car"
        ]
    ]
}