{
    "duration (s)": 343.9299144744873,
    "energy (kWh)": 0.032139795657308734,
    "co2eq (g)": 9.64193869719262,
    "car_emission": [
        [
            0.08008254731887557,
            "km travelled by car"
        ]
    ]
}