{
    "duration (s)": 49.12137413024902,
    "energy (kWh)": 0.003346617535096602,
    "co2eq (g)": 1.0039852605289807,
    "car_emission": [
        [
            0.008338748011038045,
            "km travelled by car"
        ]
    ]
}