{
    "duration (s)": 383.92877197265625,
    "energy (kWh)": 0.05850643067952113,
    "co2eq (g)": 17.55192920385634,
    "car_emission": [
        [
            0.14578014288917224,
            "km travelled by car"
        ]
    ]
}