{
    "duration (s)": 71.85785818099976,
    "energy (kWh)": 0.0071229812061635155,
    "co2eq (g)": 2.1368943618490546,
    "car_emission": [
        [
            0.01774829204193567,
            "km travelled by car"
        ]
    ]
}