{
    "duration (s)": 308.62756395339966,
    "energy (kWh)": 0.05237656524448853,
    "co2eq (g)": 15.712969573346559,
    "car_emission": [
        [
            0.13050639180520396,
            "km travelled by car"
        ]
    ]
}