{
    "duration (s)": 88.81823348999023,
    "energy (kWh)": 0.010899044664967942,
    "co2eq (g)": 3.2697133994903824,
    "car_emission": [
        [
            0.027157088035634405,
            "km travelled by car"
        ]
    ]
}