{
    "duration (s)": 39.48892307281494,
    "energy (kWh)": 0.0035227137530310527,
    "co2eq (g)": 1.0568141259093158,
    "car_emission": [
        [
            0.008777525962701958,
            "km travelled by car"
        ]
    ]
}